"Title","Description","BiocVersion","Genome","SourceType","SourceUrl","SourceVersion","Species","TaxonomyId","Coordinate_1_based","DataProvider","Maintainer","RDataClass","DispatchClass","RDataPath","Tags"
"MeSHDb for Anolis carolinensis (Anole lizard, v010)","Correspondence table between NCBI Gene ID and MeSH ID for Anolis carolinensis (Anole lizard)","3.22",NA,"TSV","https://github.com/rikenbit/mesh-workflow","27-Sep-2025","Anolis carolinensis",28377,NA,"NCBI,DBCLS","Koki Tsuyuzaki <k.t.the-answer@hotmail.co.jp>","SQLiteFile","FilePath","AHMeSHDbs/v010/MeSH.Aca.eg.db.sqlite","MeSHDb:MeSH:NCBI:DBCLS:Gendoo:Gene:NCBI Gene:gene2accession:Annotation:MeSH.Aca.eg.db:Anolis carolinensis:Anole lizard:v010"
"MeSHDb for Ailuropoda melanoleuca (Panda, v010)","Correspondence table between NCBI Gene ID and MeSH ID for Ailuropoda melanoleuca (Panda)","3.22",NA,"TSV","https://github.com/rikenbit/mesh-workflow","27-Sep-2025","Ailuropoda melanoleuca",9646,NA,"NCBI,DBCLS","Koki Tsuyuzaki <k.t.the-answer@hotmail.co.jp>","SQLiteFile","FilePath","AHMeSHDbs/v010/MeSH.Ame.eg.db.sqlite","MeSHDb:MeSH:NCBI:DBCLS:Gendoo:Gene:NCBI Gene:gene2accession:Annotation:MeSH.Ame.eg.db:Ailuropoda melanoleuca:Panda:v010"
"MeSHDb for Apis mellifera (Honey bee, v010)","Correspondence table between NCBI Gene ID and MeSH ID for Apis mellifera (Honey bee)","3.22",NA,"TSV","https://github.com/rikenbit/mesh-workflow","27-Sep-2025","Apis mellifera",7460,NA,"NCBI,DBCLS","Koki Tsuyuzaki <k.t.the-answer@hotmail.co.jp>","SQLiteFile","FilePath","AHMeSHDbs/v010/MeSH.Aml.eg.db.sqlite","MeSHDb:MeSH:NCBI:DBCLS:Gendoo:Gene:NCBI Gene:gene2accession:Annotation:MeSH.Aml.eg.db:Apis mellifera:Honey bee:v010"
"MeSHDb for Aspergillus nidulans FGSC A4 (Filamentous ascomycete, v010)","Correspondence table between NCBI Gene ID and MeSH ID for Aspergillus nidulans FGSC A4 (Filamentous ascomycete)","3.22",NA,"TSV","https://github.com/rikenbit/mesh-workflow","27-Sep-2025","Aspergillus nidulans FGSC A4",227321,NA,"NCBI,DBCLS","Koki Tsuyuzaki <k.t.the-answer@hotmail.co.jp>","SQLiteFile","FilePath","AHMeSHDbs/v010/MeSH.Ani.FGSC.eg.db.sqlite","MeSHDb:MeSH:NCBI:DBCLS:Gendoo:Gene:NCBI Gene:gene2accession:Annotation:MeSH.Ani.FGSC.eg.db:Aspergillus nidulans FGSC A4:Filamentous ascomycete:v010"
"MeSHDb for Arabidopsis thaliana (Thale cress, v010)","Correspondence table between NCBI Gene ID and MeSH ID for Arabidopsis thaliana (Thale cress)","3.22",NA,"TSV","https://github.com/rikenbit/mesh-workflow","27-Sep-2025","Arabidopsis thaliana",3702,NA,"NCBI,DBCLS","Koki Tsuyuzaki <k.t.the-answer@hotmail.co.jp>","SQLiteFile","FilePath","AHMeSHDbs/v010/MeSH.Ath.eg.db.sqlite","MeSHDb:MeSH:NCBI:DBCLS:Gendoo:Gene:NCBI Gene:gene2accession:Annotation:MeSH.Ath.eg.db:Arabidopsis thaliana:Thale cress:v010"
"MeSHDb for Branchiostoma floridae (Lancelet, v010)","Correspondence table between NCBI Gene ID and MeSH ID for Branchiostoma floridae (Lancelet)","3.22",NA,"TSV","https://github.com/rikenbit/mesh-workflow","27-Sep-2025","Branchiostoma floridae",7739,NA,"NCBI,DBCLS","Koki Tsuyuzaki <k.t.the-answer@hotmail.co.jp>","SQLiteFile","FilePath","AHMeSHDbs/v010/MeSH.Bfl.eg.db.sqlite","MeSHDb:MeSH:NCBI:DBCLS:Gendoo:Gene:NCBI Gene:gene2accession:Annotation:MeSH.Bfl.eg.db:Branchiostoma floridae:Lancelet:v010"
"MeSHDb for Bacillus subtilis subsp. subtilis str. 168 (v010)","Correspondence table between NCBI Gene ID and MeSH ID for Bacillus subtilis subsp. subtilis str. 168","3.22",NA,"TSV","https://github.com/rikenbit/mesh-workflow","27-Sep-2025","Bacillus subtilis subsp. subtilis str. 168",224308,NA,"NCBI,DBCLS","Koki Tsuyuzaki <k.t.the-answer@hotmail.co.jp>","SQLiteFile","FilePath","AHMeSHDbs/v010/MeSH.Bsu.168.eg.db.sqlite","MeSHDb:MeSH:NCBI:DBCLS:Gendoo:Gene:NCBI Gene:gene2accession:Annotation:MeSH.Bsu.168.eg.db:v010"
"MeSHDb for Bacillus subtilis subsp. spizizenii str. TU-B-10 (v010)","Correspondence table between NCBI Gene ID and MeSH ID for Bacillus subtilis subsp. spizizenii str. TU-B-10","3.22",NA,"TSV","https://github.com/rikenbit/mesh-workflow","27-Sep-2025","Bacillus subtilis subsp. spizizenii TU-B-10",1052585,NA,"NCBI,DBCLS","Koki Tsuyuzaki <k.t.the-answer@hotmail.co.jp>","SQLiteFile","FilePath","AHMeSHDbs/v010/MeSH.Bsu.TUB10.eg.db.sqlite","MeSHDb:MeSH:NCBI:DBCLS:Gendoo:Gene:NCBI Gene:gene2accession:Annotation:MeSH.Bsu.TUB10.eg.db:v010"
"MeSHDb for Bos taurus (Cow, v010)","Correspondence table between NCBI Gene ID and MeSH ID for Bos taurus (Cow)","3.22",NA,"TSV","https://github.com/rikenbit/mesh-workflow","27-Sep-2025","Bos taurus",9913,NA,"NCBI,DBCLS","Koki Tsuyuzaki <k.t.the-answer@hotmail.co.jp>","SQLiteFile","FilePath","AHMeSHDbs/v010/MeSH.Bta.eg.db.sqlite","MeSHDb:MeSH:NCBI:DBCLS:Gendoo:Gene:NCBI Gene:gene2accession:Annotation:MeSH.Bta.eg.db:Bos taurus:Cow:v010"
"MeSHDb for Candida albicans SC5314 (v010)","Correspondence table between NCBI Gene ID and MeSH ID for Candida albicans SC5314","3.22",NA,"TSV","https://github.com/rikenbit/mesh-workflow","27-Sep-2025","Candida albicans SC5314",237561,NA,"NCBI,DBCLS","Koki Tsuyuzaki <k.t.the-answer@hotmail.co.jp>","SQLiteFile","FilePath","AHMeSHDbs/v010/MeSH.Cal.SC5314.eg.db.sqlite","MeSHDb:MeSH:NCBI:DBCLS:Gendoo:Gene:NCBI Gene:gene2accession:Annotation:MeSH.Cal.SC5314.eg.db:v010"
"MeSHDb for Caenorhabditis briggsae (Worm, v010)","Correspondence table between NCBI Gene ID and MeSH ID for Caenorhabditis briggsae (Worm)","3.22",NA,"TSV","https://github.com/rikenbit/mesh-workflow","27-Sep-2025","Caenorhabditis briggsae",6238,NA,"NCBI,DBCLS","Koki Tsuyuzaki <k.t.the-answer@hotmail.co.jp>","SQLiteFile","FilePath","AHMeSHDbs/v010/MeSH.Cbr.eg.db.sqlite","MeSHDb:MeSH:NCBI:DBCLS:Gendoo:Gene:NCBI Gene:gene2accession:Annotation:MeSH.Cbr.eg.db:Caenorhabditis briggsae:Worm:v010"
"MeSHDb for Caenorhabditis elegans (Worm, v010)","Correspondence table between NCBI Gene ID and MeSH ID for Caenorhabditis elegans (Worm)","3.22",NA,"TSV","https://github.com/rikenbit/mesh-workflow","27-Sep-2025","Caenorhabditis elegans",6239,NA,"NCBI,DBCLS","Koki Tsuyuzaki <k.t.the-answer@hotmail.co.jp>","SQLiteFile","FilePath","AHMeSHDbs/v010/MeSH.Cel.eg.db.sqlite","MeSHDb:MeSH:NCBI:DBCLS:Gendoo:Gene:NCBI Gene:gene2accession:Annotation:MeSH.Cel.eg.db:Caenorhabditis elegans:Worm:v010"
"MeSHDb for Canis familiaris (Dog, v010)","Correspondence table between NCBI Gene ID and MeSH ID for Canis familiaris (Dog)","3.22",NA,"TSV","https://github.com/rikenbit/mesh-workflow","27-Sep-2025","Canis familiaris",9615,NA,"NCBI,DBCLS","Koki Tsuyuzaki <k.t.the-answer@hotmail.co.jp>","SQLiteFile","FilePath","AHMeSHDbs/v010/MeSH.Cfa.eg.db.sqlite","MeSHDb:MeSH:NCBI:DBCLS:Gendoo:Gene:NCBI Gene:gene2accession:Annotation:MeSH.Cfa.eg.db:Canis familiaris:Dog:v010"
"MeSHDb for Ciona intestinalis (Sea squirt, v010)","Correspondence table between NCBI Gene ID and MeSH ID for Ciona intestinalis (Sea squirt)","3.22",NA,"TSV","https://github.com/rikenbit/mesh-workflow","27-Sep-2025","Ciona intestinalis",7719,NA,"NCBI,DBCLS","Koki Tsuyuzaki <k.t.the-answer@hotmail.co.jp>","SQLiteFile","FilePath","AHMeSHDbs/v010/MeSH.Cin.eg.db.sqlite","MeSHDb:MeSH:NCBI:DBCLS:Gendoo:Gene:NCBI Gene:gene2accession:Annotation:MeSH.Cin.eg.db:Ciona intestinalis:Sea squirt:v010"
"MeSHDb for Callithrix jacchus (Marmoset, v010)","Correspondence table between NCBI Gene ID and MeSH ID for Callithrix jacchus (Marmoset)","3.22",NA,"TSV","https://github.com/rikenbit/mesh-workflow","27-Sep-2025","Callithrix jacchus",9483,NA,"NCBI,DBCLS","Koki Tsuyuzaki <k.t.the-answer@hotmail.co.jp>","SQLiteFile","FilePath","AHMeSHDbs/v010/MeSH.Cja.eg.db.sqlite","MeSHDb:MeSH:NCBI:DBCLS:Gendoo:Gene:NCBI Gene:gene2accession:Annotation:MeSH.Cja.eg.db:Callithrix jacchus:Marmoset:v010"
"MeSHDb for Cavia porcellus (Guinea pig, v010)","Correspondence table between NCBI Gene ID and MeSH ID for Cavia porcellus (Guinea pig)","3.22",NA,"TSV","https://github.com/rikenbit/mesh-workflow","27-Sep-2025","Cavia porcellus",10141,NA,"NCBI,DBCLS","Koki Tsuyuzaki <k.t.the-answer@hotmail.co.jp>","SQLiteFile","FilePath","AHMeSHDbs/v010/MeSH.Cpo.eg.db.sqlite","MeSHDb:MeSH:NCBI:DBCLS:Gendoo:Gene:NCBI Gene:gene2accession:Annotation:MeSH.Cpo.eg.db:Cavia porcellus:Guinea pig:v010"
"MeSHDb for Caenorhabditis remanei (Worm, v010)","Correspondence table between NCBI Gene ID and MeSH ID for Caenorhabditis remanei (Worm)","3.22",NA,"TSV","https://github.com/rikenbit/mesh-workflow","27-Sep-2025","Caenorhabditis remanei",31234,NA,"NCBI,DBCLS","Koki Tsuyuzaki <k.t.the-answer@hotmail.co.jp>","SQLiteFile","FilePath","AHMeSHDbs/v010/MeSH.Cre.eg.db.sqlite","MeSHDb:MeSH:NCBI:DBCLS:Gendoo:Gene:NCBI Gene:gene2accession:Annotation:MeSH.Cre.eg.db:Caenorhabditis remanei:Worm:v010"
"MeSHDb for Cyanobacteria (Cyanobacteria, v010)","Correspondence table between NCBI Gene ID and MeSH ID for Cyanobacteria (Cyanobacteria)","3.22",NA,"TSV","https://github.com/rikenbit/mesh-workflow","27-Sep-2025","Cyanobacteria",1117,NA,"NCBI,DBCLS","Koki Tsuyuzaki <k.t.the-answer@hotmail.co.jp>","SQLiteFile","FilePath","AHMeSHDbs/v010/MeSH.Cya.eg.db.sqlite","MeSHDb:MeSH:NCBI:DBCLS:Gendoo:Gene:NCBI Gene:gene2accession:Annotation:MeSH.Cya.eg.db:Cyanobacteria:Cyanobacteria:v010"
"MeSHDb for Drosophila ananassae (Fruit fly, v010)","Correspondence table between NCBI Gene ID and MeSH ID for Drosophila ananassae (Fruit fly)","3.22",NA,"TSV","https://github.com/rikenbit/mesh-workflow","27-Sep-2025","Drosophila ananassae",7217,NA,"NCBI,DBCLS","Koki Tsuyuzaki <k.t.the-answer@hotmail.co.jp>","SQLiteFile","FilePath","AHMeSHDbs/v010/MeSH.Dan.eg.db.sqlite","MeSHDb:MeSH:NCBI:DBCLS:Gendoo:Gene:NCBI Gene:gene2accession:Annotation:MeSH.Dan.eg.db:Drosophila ananassae:Fruit fly:v010"
"MeSHDb for Dictyostelium discoideum AX4 (Cellular slime mold, v010)","Correspondence table between NCBI Gene ID and MeSH ID for Dictyostelium discoideum AX4 (Cellular slime mold)","3.22",NA,"TSV","https://github.com/rikenbit/mesh-workflow","27-Sep-2025","Dictyostelium discoideum AX4",352472,NA,"NCBI,DBCLS","Koki Tsuyuzaki <k.t.the-answer@hotmail.co.jp>","SQLiteFile","FilePath","AHMeSHDbs/v010/MeSH.Ddi.AX4.eg.db.sqlite","MeSHDb:MeSH:NCBI:DBCLS:Gendoo:Gene:NCBI Gene:gene2accession:Annotation:MeSH.Ddi.AX4.eg.db:Dictyostelium discoideum AX4:Cellular slime mold:v010"
"MeSHDb for Drosophila erecta (Fruit fly, v010)","Correspondence table between NCBI Gene ID and MeSH ID for Drosophila erecta (Fruit fly)","3.22",NA,"TSV","https://github.com/rikenbit/mesh-workflow","27-Sep-2025","Drosophila erecta",7220,NA,"NCBI,DBCLS","Koki Tsuyuzaki <k.t.the-answer@hotmail.co.jp>","SQLiteFile","FilePath","AHMeSHDbs/v010/MeSH.Der.eg.db.sqlite","MeSHDb:MeSH:NCBI:DBCLS:Gendoo:Gene:NCBI Gene:gene2accession:Annotation:MeSH.Der.eg.db:Drosophila erecta:Fruit fly:v010"
"MeSHDb for Drosophila grimshawi (Fruit fly, v010)","Correspondence table between NCBI Gene ID and MeSH ID for Drosophila grimshawi (Fruit fly)","3.22",NA,"TSV","https://github.com/rikenbit/mesh-workflow","27-Sep-2025","Drosophila grimshawi",7222,NA,"NCBI,DBCLS","Koki Tsuyuzaki <k.t.the-answer@hotmail.co.jp>","SQLiteFile","FilePath","AHMeSHDbs/v010/MeSH.Dgr.eg.db.sqlite","MeSHDb:MeSH:NCBI:DBCLS:Gendoo:Gene:NCBI Gene:gene2accession:Annotation:MeSH.Dgr.eg.db:Drosophila grimshawi:Fruit fly:v010"
"MeSHDb for Drosophila melanogaster (Fruit fly, v010)","Correspondence table between NCBI Gene ID and MeSH ID for Drosophila melanogaster (Fruit fly)","3.22",NA,"TSV","https://github.com/rikenbit/mesh-workflow","27-Sep-2025","Drosophila melanogaster",7227,NA,"NCBI,DBCLS","Koki Tsuyuzaki <k.t.the-answer@hotmail.co.jp>","SQLiteFile","FilePath","AHMeSHDbs/v010/MeSH.Dme.eg.db.sqlite","MeSHDb:MeSH:NCBI:DBCLS:Gendoo:Gene:NCBI Gene:gene2accession:Annotation:MeSH.Dme.eg.db:Drosophila melanogaster:Fruit fly:v010"
"MeSHDb for Drosophila mojavensis (Fruit fly, v010)","Correspondence table between NCBI Gene ID and MeSH ID for Drosophila mojavensis (Fruit fly)","3.22",NA,"TSV","https://github.com/rikenbit/mesh-workflow","27-Sep-2025","Drosophila mojavensis",7230,NA,"NCBI,DBCLS","Koki Tsuyuzaki <k.t.the-answer@hotmail.co.jp>","SQLiteFile","FilePath","AHMeSHDbs/v010/MeSH.Dmo.eg.db.sqlite","MeSHDb:MeSH:NCBI:DBCLS:Gendoo:Gene:NCBI Gene:gene2accession:Annotation:MeSH.Dmo.eg.db:Drosophila mojavensis:Fruit fly:v010"
"MeSHDb for Drosophila persimilis (Fruit fly, v010)","Correspondence table between NCBI Gene ID and MeSH ID for Drosophila persimilis (Fruit fly)","3.22",NA,"TSV","https://github.com/rikenbit/mesh-workflow","27-Sep-2025","Drosophila persimilis",7234,NA,"NCBI,DBCLS","Koki Tsuyuzaki <k.t.the-answer@hotmail.co.jp>","SQLiteFile","FilePath","AHMeSHDbs/v010/MeSH.Dpe.eg.db.sqlite","MeSHDb:MeSH:NCBI:DBCLS:Gendoo:Gene:NCBI Gene:gene2accession:Annotation:MeSH.Dpe.eg.db:Drosophila persimilis:Fruit fly:v010"
"MeSHDb for Danio rerio (Zebrafish, v010)","Correspondence table between NCBI Gene ID and MeSH ID for Danio rerio (Zebrafish)","3.22",NA,"TSV","https://github.com/rikenbit/mesh-workflow","27-Sep-2025","Danio rerio",7955,NA,"NCBI,DBCLS","Koki Tsuyuzaki <k.t.the-answer@hotmail.co.jp>","SQLiteFile","FilePath","AHMeSHDbs/v010/MeSH.Dre.eg.db.sqlite","MeSHDb:MeSH:NCBI:DBCLS:Gendoo:Gene:NCBI Gene:gene2accession:Annotation:MeSH.Dre.eg.db:Danio rerio:Zebrafish:v010"
"MeSHDb for Drosophila sechellia (Fruit fly, v010)","Correspondence table between NCBI Gene ID and MeSH ID for Drosophila sechellia (Fruit fly)","3.22",NA,"TSV","https://github.com/rikenbit/mesh-workflow","27-Sep-2025","Drosophila sechellia",7238,NA,"NCBI,DBCLS","Koki Tsuyuzaki <k.t.the-answer@hotmail.co.jp>","SQLiteFile","FilePath","AHMeSHDbs/v010/MeSH.Dse.eg.db.sqlite","MeSHDb:MeSH:NCBI:DBCLS:Gendoo:Gene:NCBI Gene:gene2accession:Annotation:MeSH.Dse.eg.db:Drosophila sechellia:Fruit fly:v010"
"MeSHDb for Drosophila simulans (Fruit fly, v010)","Correspondence table between NCBI Gene ID and MeSH ID for Drosophila simulans (Fruit fly)","3.22",NA,"TSV","https://github.com/rikenbit/mesh-workflow","27-Sep-2025","Drosophila simulans",7240,NA,"NCBI,DBCLS","Koki Tsuyuzaki <k.t.the-answer@hotmail.co.jp>","SQLiteFile","FilePath","AHMeSHDbs/v010/MeSH.Dsi.eg.db.sqlite","MeSHDb:MeSH:NCBI:DBCLS:Gendoo:Gene:NCBI Gene:gene2accession:Annotation:MeSH.Dsi.eg.db:Drosophila simulans:Fruit fly:v010"
"MeSHDb for Drosophila virilis (Fruit fly, v010)","Correspondence table between NCBI Gene ID and MeSH ID for Drosophila virilis (Fruit fly)","3.22",NA,"TSV","https://github.com/rikenbit/mesh-workflow","27-Sep-2025","Drosophila virilis",7244,NA,"NCBI,DBCLS","Koki Tsuyuzaki <k.t.the-answer@hotmail.co.jp>","SQLiteFile","FilePath","AHMeSHDbs/v010/MeSH.Dvi.eg.db.sqlite","MeSHDb:MeSH:NCBI:DBCLS:Gendoo:Gene:NCBI Gene:gene2accession:Annotation:MeSH.Dvi.eg.db:Drosophila virilis:Fruit fly:v010"
"MeSHDb for Drosophila yakuba (Fruit fly, v010)","Correspondence table between NCBI Gene ID and MeSH ID for Drosophila yakuba (Fruit fly)","3.22",NA,"TSV","https://github.com/rikenbit/mesh-workflow","27-Sep-2025","Drosophila yakuba",7245,NA,"NCBI,DBCLS","Koki Tsuyuzaki <k.t.the-answer@hotmail.co.jp>","SQLiteFile","FilePath","AHMeSHDbs/v010/MeSH.Dya.eg.db.sqlite","MeSHDb:MeSH:NCBI:DBCLS:Gendoo:Gene:NCBI Gene:gene2accession:Annotation:MeSH.Dya.eg.db:Drosophila yakuba:Fruit fly:v010"
"MeSHDb for Equus caballus (Horse, v010)","Correspondence table between NCBI Gene ID and MeSH ID for Equus caballus (Horse)","3.22",NA,"TSV","https://github.com/rikenbit/mesh-workflow","27-Sep-2025","Equus caballus",9796,NA,"NCBI,DBCLS","Koki Tsuyuzaki <k.t.the-answer@hotmail.co.jp>","SQLiteFile","FilePath","AHMeSHDbs/v010/MeSH.Eca.eg.db.sqlite","MeSHDb:MeSH:NCBI:DBCLS:Gendoo:Gene:NCBI Gene:gene2accession:Annotation:MeSH.Eca.eg.db:Equus caballus:Horse:v010"
"MeSHDb for Escherichia coli str. K-12 substr. MG1655 (v010)","Correspondence table between NCBI Gene ID and MeSH ID for Escherichia coli str. K-12 substr. MG1655","3.22",NA,"TSV","https://github.com/rikenbit/mesh-workflow","27-Sep-2025","Escherichia coli str. K-12 substr. MG1655",511145,NA,"NCBI,DBCLS","Koki Tsuyuzaki <k.t.the-answer@hotmail.co.jp>","SQLiteFile","FilePath","AHMeSHDbs/v010/MeSH.Eco.K12.MG1655.eg.db.sqlite","MeSHDb:MeSH:NCBI:DBCLS:Gendoo:Gene:NCBI Gene:gene2accession:Annotation:MeSH.Eco.K12.MG1655.eg.db:v010"
"MeSHDb for Escherichia coli O157:H7 str. Sakai (v010)","Correspondence table between NCBI Gene ID and MeSH ID for Escherichia coli O157:H7 str. Sakai","3.22",NA,"TSV","https://github.com/rikenbit/mesh-workflow","27-Sep-2025","Escherichia coli O157:H7 str. Sakai",386585,NA,"NCBI,DBCLS","Koki Tsuyuzaki <k.t.the-answer@hotmail.co.jp>","SQLiteFile","FilePath","AHMeSHDbs/v010/MeSH.Eco.O157.H7.Sakai.eg.db.sqlite","MeSHDb:MeSH:NCBI:DBCLS:Gendoo:Gene:NCBI Gene:gene2accession:Annotation:MeSH.Eco.O157.H7.Sakai.eg.db:v010"
"MeSHDb for Gallus gallus (Chicken, v010)","Correspondence table between NCBI Gene ID and MeSH ID for Gallus gallus (Chicken)","3.22",NA,"TSV","https://github.com/rikenbit/mesh-workflow","27-Sep-2025","Gallus gallus",9031,NA,"NCBI,DBCLS","Koki Tsuyuzaki <k.t.the-answer@hotmail.co.jp>","SQLiteFile","FilePath","AHMeSHDbs/v010/MeSH.Gga.eg.db.sqlite","MeSHDb:MeSH:NCBI:DBCLS:Gendoo:Gene:NCBI Gene:gene2accession:Annotation:MeSH.Gga.eg.db:Gallus gallus:Chicken:v010"
"MeSHDb for Glycine max (Soybean, v010)","Correspondence table between NCBI Gene ID and MeSH ID for Glycine max (Soybean)","3.22",NA,"TSV","https://github.com/rikenbit/mesh-workflow","27-Sep-2025","Glycine max",3847,NA,"NCBI,DBCLS","Koki Tsuyuzaki <k.t.the-answer@hotmail.co.jp>","SQLiteFile","FilePath","AHMeSHDbs/v010/MeSH.Gma.eg.db.sqlite","MeSHDb:MeSH:NCBI:DBCLS:Gendoo:Gene:NCBI Gene:gene2accession:Annotation:MeSH.Gma.eg.db:Glycine max:Soybean:v010"
"MeSHDb for Homo sapiens (Human, v010)","Correspondence table between NCBI Gene ID and MeSH ID for Homo sapiens (Human)","3.22",NA,"TSV","https://github.com/rikenbit/mesh-workflow","27-Sep-2025","Homo sapiens",9606,NA,"NCBI,DBCLS","Koki Tsuyuzaki <k.t.the-answer@hotmail.co.jp>","SQLiteFile","FilePath","AHMeSHDbs/v010/MeSH.Hsa.eg.db.sqlite","MeSHDb:MeSH:NCBI:DBCLS:Gendoo:Gene:NCBI Gene:gene2accession:Annotation:MeSH.Hsa.eg.db:Homo sapiens:Human:v010"
"MeSHDb for Loxodonta africana (Elephant, v010)","Correspondence table between NCBI Gene ID and MeSH ID for Loxodonta africana (Elephant)","3.22",NA,"TSV","https://github.com/rikenbit/mesh-workflow","27-Sep-2025","Loxodonta africana",9785,NA,"NCBI,DBCLS","Koki Tsuyuzaki <k.t.the-answer@hotmail.co.jp>","SQLiteFile","FilePath","AHMeSHDbs/v010/MeSH.Laf.eg.db.sqlite","MeSHDb:MeSH:NCBI:DBCLS:Gendoo:Gene:NCBI Gene:gene2accession:Annotation:MeSH.Laf.eg.db:Loxodonta africana:Elephant:v010"
"MeSHDb for Leishmania major strain Friedlin (Leishmania, v010)","Correspondence table between NCBI Gene ID and MeSH ID for Leishmania major strain Friedlin (Leishmania)","3.22",NA,"TSV","https://github.com/rikenbit/mesh-workflow","27-Sep-2025","Leishmania major strain Friedlin",347515,NA,"NCBI,DBCLS","Koki Tsuyuzaki <k.t.the-answer@hotmail.co.jp>","SQLiteFile","FilePath","AHMeSHDbs/v010/MeSH.Lma.eg.db.sqlite","MeSHDb:MeSH:NCBI:DBCLS:Gendoo:Gene:NCBI Gene:gene2accession:Annotation:MeSH.Lma.eg.db:Leishmania major strain Friedlin:Leishmania:v010"
"MeSHDb for Monodelphis domestica (Gray short-tailed opossum, v010)","Correspondence table between NCBI Gene ID and MeSH ID for Monodelphis domestica (Gray short-tailed opossum)","3.22",NA,"TSV","https://github.com/rikenbit/mesh-workflow","27-Sep-2025","Monodelphis domestica",13616,NA,"NCBI,DBCLS","Koki Tsuyuzaki <k.t.the-answer@hotmail.co.jp>","SQLiteFile","FilePath","AHMeSHDbs/v010/MeSH.Mdo.eg.db.sqlite","MeSHDb:MeSH:NCBI:DBCLS:Gendoo:Gene:NCBI Gene:gene2accession:Annotation:MeSH.Mdo.eg.db:Monodelphis domestica:Gray short-tailed opossum:v010"
"MeSHDb for Mesorhizobium japonicum MAFF 303099 (v010)","Correspondence table between NCBI Gene ID and MeSH ID for Mesorhizobium japonicum MAFF 303099","3.22",NA,"TSV","https://github.com/rikenbit/mesh-workflow","27-Sep-2025","Mesorhizobium japonicum MAFF 303099",266835,NA,"NCBI,DBCLS","Koki Tsuyuzaki <k.t.the-answer@hotmail.co.jp>","SQLiteFile","FilePath","AHMeSHDbs/v010/MeSH.Mes.eg.db.sqlite","MeSHDb:MeSH:NCBI:DBCLS:Gendoo:Gene:NCBI Gene:gene2accession:Annotation:MeSH.Mes.eg.db:v010"
"MeSHDb for Meleagris gallopavo (Turkey, v010)","Correspondence table between NCBI Gene ID and MeSH ID for Meleagris gallopavo (Turkey)","3.22",NA,"TSV","https://github.com/rikenbit/mesh-workflow","27-Sep-2025","Meleagris gallopavo",9103,NA,"NCBI,DBCLS","Koki Tsuyuzaki <k.t.the-answer@hotmail.co.jp>","SQLiteFile","FilePath","AHMeSHDbs/v010/MeSH.Mga.eg.db.sqlite","MeSHDb:MeSH:NCBI:DBCLS:Gendoo:Gene:NCBI Gene:gene2accession:Annotation:MeSH.Mga.eg.db:Meleagris gallopavo:Turkey:v010"
"MeSHDb for Lotus japonicus (Common birds-foot trefoil, v010)","Correspondence table between NCBI Gene ID and MeSH ID for Lotus japonicus (Common birds-foot trefoil)","3.22",NA,"TSV","https://github.com/rikenbit/mesh-workflow","27-Sep-2025","Lotus japonicus",34305,NA,"NCBI,DBCLS","Koki Tsuyuzaki <k.t.the-answer@hotmail.co.jp>","SQLiteFile","FilePath","AHMeSHDbs/v010/MeSH.Miy.eg.db.sqlite","MeSHDb:MeSH:NCBI:DBCLS:Gendoo:Gene:NCBI Gene:gene2accession:Annotation:MeSH.Miy.eg.db:Lotus japonicus:Common birds-foot trefoil:v010"
"MeSHDb for Macaca mulatta (Rhesus monkey, v010)","Correspondence table between NCBI Gene ID and MeSH ID for Macaca mulatta (Rhesus monkey)","3.22",NA,"TSV","https://github.com/rikenbit/mesh-workflow","27-Sep-2025","Macaca mulatta",9544,NA,"NCBI,DBCLS","Koki Tsuyuzaki <k.t.the-answer@hotmail.co.jp>","SQLiteFile","FilePath","AHMeSHDbs/v010/MeSH.Mml.eg.db.sqlite","MeSHDb:MeSH:NCBI:DBCLS:Gendoo:Gene:NCBI Gene:gene2accession:Annotation:MeSH.Mml.eg.db:Macaca mulatta:Rhesus monkey:v010"
"MeSHDb for Mus musculus (Mouse, v010)","Correspondence table between NCBI Gene ID and MeSH ID for Mus musculus (Mouse)","3.22",NA,"TSV","https://github.com/rikenbit/mesh-workflow","27-Sep-2025","Mus musculus",10090,NA,"NCBI,DBCLS","Koki Tsuyuzaki <k.t.the-answer@hotmail.co.jp>","SQLiteFile","FilePath","AHMeSHDbs/v010/MeSH.Mmu.eg.db.sqlite","MeSHDb:MeSH:NCBI:DBCLS:Gendoo:Gene:NCBI Gene:gene2accession:Annotation:MeSH.Mmu.eg.db:Mus musculus:Mouse:v010"
"MeSHDb for Medicago truncatula (Clover, v010)","Correspondence table between NCBI Gene ID and MeSH ID for Medicago truncatula (Clover)","3.22",NA,"TSV","https://github.com/rikenbit/mesh-workflow","27-Sep-2025","Medicago truncatula",3880,NA,"NCBI,DBCLS","Koki Tsuyuzaki <k.t.the-answer@hotmail.co.jp>","SQLiteFile","FilePath","AHMeSHDbs/v010/MeSH.Mtr.eg.db.sqlite","MeSHDb:MeSH:NCBI:DBCLS:Gendoo:Gene:NCBI Gene:gene2accession:Annotation:MeSH.Mtr.eg.db:Medicago truncatula:Clover:v010"
"MeSHDb for Nomascus leucogenys (Northern white-cheeked gibbon, v010)","Correspondence table between NCBI Gene ID and MeSH ID for Nomascus leucogenys (Northern white-cheeked gibbon)","3.22",NA,"TSV","https://github.com/rikenbit/mesh-workflow","27-Sep-2025","Nomascus leucogenys",61853,NA,"NCBI,DBCLS","Koki Tsuyuzaki <k.t.the-answer@hotmail.co.jp>","SQLiteFile","FilePath","AHMeSHDbs/v010/MeSH.Nle.eg.db.sqlite","MeSHDb:MeSH:NCBI:DBCLS:Gendoo:Gene:NCBI Gene:gene2accession:Annotation:MeSH.Nle.eg.db:Nomascus leucogenys:Northern white-cheeked gibbon:v010"
"MeSHDb for Nostoc sp. PCC 7120 = FACHB-418 (Nostoc, v010)","Correspondence table between NCBI Gene ID and MeSH ID for Nostoc sp. PCC 7120 = FACHB-418 (Nostoc)","3.22",NA,"TSV","https://github.com/rikenbit/mesh-workflow","27-Sep-2025","Nostoc sp. PCC 7120 = FACHB-418",103690,NA,"NCBI,DBCLS","Koki Tsuyuzaki <k.t.the-answer@hotmail.co.jp>","SQLiteFile","FilePath","AHMeSHDbs/v010/MeSH.Nos.PCC7120.eg.db.sqlite","MeSHDb:MeSH:NCBI:DBCLS:Gendoo:Gene:NCBI Gene:gene2accession:Annotation:MeSH.Nos.PCC7120.eg.db:Nostoc sp. PCC 7120 = FACHB-418:Nostoc:v010"
"MeSHDb for Ornithorhynchus anatinus (Platypus, v010)","Correspondence table between NCBI Gene ID and MeSH ID for Ornithorhynchus anatinus (Platypus)","3.22",NA,"TSV","https://github.com/rikenbit/mesh-workflow","27-Sep-2025","Ornithorhynchus anatinus",9258,NA,"NCBI,DBCLS","Koki Tsuyuzaki <k.t.the-answer@hotmail.co.jp>","SQLiteFile","FilePath","AHMeSHDbs/v010/MeSH.Oan.eg.db.sqlite","MeSHDb:MeSH:NCBI:DBCLS:Gendoo:Gene:NCBI Gene:gene2accession:Annotation:MeSH.Oan.eg.db:Ornithorhynchus anatinus:Platypus:v010"
"MeSHDb for Oryctolagus cuniculus (Rabbit, v010)","Correspondence table between NCBI Gene ID and MeSH ID for Oryctolagus cuniculus (Rabbit)","3.22",NA,"TSV","https://github.com/rikenbit/mesh-workflow","27-Sep-2025","Oryctolagus cuniculus",9986,NA,"NCBI,DBCLS","Koki Tsuyuzaki <k.t.the-answer@hotmail.co.jp>","SQLiteFile","FilePath","AHMeSHDbs/v010/MeSH.Ocu.eg.db.sqlite","MeSHDb:MeSH:NCBI:DBCLS:Gendoo:Gene:NCBI Gene:gene2accession:Annotation:MeSH.Ocu.eg.db:Oryctolagus cuniculus:Rabbit:v010"
"MeSHDb for Oreochromis niloticus (Nile tilapia, v010)","Correspondence table between NCBI Gene ID and MeSH ID for Oreochromis niloticus (Nile tilapia)","3.22",NA,"TSV","https://github.com/rikenbit/mesh-workflow","27-Sep-2025","Oreochromis niloticus",8128,NA,"NCBI,DBCLS","Koki Tsuyuzaki <k.t.the-answer@hotmail.co.jp>","SQLiteFile","FilePath","AHMeSHDbs/v010/MeSH.Oni.eg.db.sqlite","MeSHDb:MeSH:NCBI:DBCLS:Gendoo:Gene:NCBI Gene:gene2accession:Annotation:MeSH.Oni.eg.db:Oreochromis niloticus:Nile tilapia:v010"
"MeSHDb for Oryza sativa Japonica Group (Rice, v010)","Correspondence table between NCBI Gene ID and MeSH ID for Oryza sativa Japonica Group (Rice)","3.22",NA,"TSV","https://github.com/rikenbit/mesh-workflow","27-Sep-2025","Oryza sativa Japonica Group",39947,NA,"NCBI,DBCLS","Koki Tsuyuzaki <k.t.the-answer@hotmail.co.jp>","SQLiteFile","FilePath","AHMeSHDbs/v010/MeSH.Osa.eg.db.sqlite","MeSHDb:MeSH:NCBI:DBCLS:Gendoo:Gene:NCBI Gene:gene2accession:Annotation:MeSH.Osa.eg.db:Oryza sativa Japonica Group:Rice:v010"
"MeSHDb for Pongo abelii (Orangutan, v010)","Correspondence table between NCBI Gene ID and MeSH ID for Pongo abelii (Orangutan)","3.22",NA,"TSV","https://github.com/rikenbit/mesh-workflow","27-Sep-2025","Pongo abelii",9601,NA,"NCBI,DBCLS","Koki Tsuyuzaki <k.t.the-answer@hotmail.co.jp>","SQLiteFile","FilePath","AHMeSHDbs/v010/MeSH.Pab.eg.db.sqlite","MeSHDb:MeSH:NCBI:DBCLS:Gendoo:Gene:NCBI Gene:gene2accession:Annotation:MeSH.Pab.eg.db:Pongo abelii:Orangutan:v010"
"MeSHDb for Pseudomonas aeruginosa PAO1 (v010)","Correspondence table between NCBI Gene ID and MeSH ID for Pseudomonas aeruginosa PAO1","3.22",NA,"TSV","https://github.com/rikenbit/mesh-workflow","27-Sep-2025","Pseudomonas aeruginosa PAO1",208964,NA,"NCBI,DBCLS","Koki Tsuyuzaki <k.t.the-answer@hotmail.co.jp>","SQLiteFile","FilePath","AHMeSHDbs/v010/MeSH.Pae.PAO1.eg.db.sqlite","MeSHDb:MeSH:NCBI:DBCLS:Gendoo:Gene:NCBI Gene:gene2accession:Annotation:MeSH.Pae.PAO1.eg.db:v010"
"MeSHDb for Plasmodium falciparum 3D7 (v010)","Correspondence table between NCBI Gene ID and MeSH ID for Plasmodium falciparum 3D7","3.22",NA,"TSV","https://github.com/rikenbit/mesh-workflow","27-Sep-2025","Plasmodium falciparum 3D7",36329,NA,"NCBI,DBCLS","Koki Tsuyuzaki <k.t.the-answer@hotmail.co.jp>","SQLiteFile","FilePath","AHMeSHDbs/v010/MeSH.Pfa.3D7.eg.db.sqlite","MeSHDb:MeSH:NCBI:DBCLS:Gendoo:Gene:NCBI Gene:gene2accession:Annotation:MeSH.Pfa.3D7.eg.db:v010"
"MeSHDb for Pan troglodytes (Chimpanzee, v010)","Correspondence table between NCBI Gene ID and MeSH ID for Pan troglodytes (Chimpanzee)","3.22",NA,"TSV","https://github.com/rikenbit/mesh-workflow","27-Sep-2025","Pan troglodytes",9598,NA,"NCBI,DBCLS","Koki Tsuyuzaki <k.t.the-answer@hotmail.co.jp>","SQLiteFile","FilePath","AHMeSHDbs/v010/MeSH.Pto.eg.db.sqlite","MeSHDb:MeSH:NCBI:DBCLS:Gendoo:Gene:NCBI Gene:gene2accession:Annotation:MeSH.Pto.eg.db:Pan troglodytes:Chimpanzee:v010"
"MeSHDb for Populus trichocarpa (Black cottonwood, v010)","Correspondence table between NCBI Gene ID and MeSH ID for Populus trichocarpa (Black cottonwood)","3.22",NA,"TSV","https://github.com/rikenbit/mesh-workflow","27-Sep-2025","Populus trichocarpa",3694,NA,"NCBI,DBCLS","Koki Tsuyuzaki <k.t.the-answer@hotmail.co.jp>","SQLiteFile","FilePath","AHMeSHDbs/v010/MeSH.Ptr.eg.db.sqlite","MeSHDb:MeSH:NCBI:DBCLS:Gendoo:Gene:NCBI Gene:gene2accession:Annotation:MeSH.Ptr.eg.db:Populus trichocarpa:Black cottonwood:v010"
"MeSHDb for Rattus norvegicus (Rat, v010)","Correspondence table between NCBI Gene ID and MeSH ID for Rattus norvegicus (Rat)","3.22",NA,"TSV","https://github.com/rikenbit/mesh-workflow","27-Sep-2025","Rattus norvegicus",10116,NA,"NCBI,DBCLS","Koki Tsuyuzaki <k.t.the-answer@hotmail.co.jp>","SQLiteFile","FilePath","AHMeSHDbs/v010/MeSH.Rno.eg.db.sqlite","MeSHDb:MeSH:NCBI:DBCLS:Gendoo:Gene:NCBI Gene:gene2accession:Annotation:MeSH.Rno.eg.db:Rattus norvegicus:Rat:v010"
"MeSHDb for Staphylococcus argenteus (v010)","Correspondence table between NCBI Gene ID and MeSH ID for Staphylococcus argenteus","3.22",NA,"TSV","https://github.com/rikenbit/mesh-workflow","27-Sep-2025","Staphylococcus argenteus",985002,NA,"NCBI,DBCLS","Koki Tsuyuzaki <k.t.the-answer@hotmail.co.jp>","SQLiteFile","FilePath","AHMeSHDbs/v010/MeSH.Sar.eg.db.sqlite","MeSHDb:MeSH:NCBI:DBCLS:Gendoo:Gene:NCBI Gene:gene2accession:Annotation:MeSH.Sar.eg.db:v010"
"MeSHDb for Saccharomyces cerevisiae S288C (v010)","Correspondence table between NCBI Gene ID and MeSH ID for Saccharomyces cerevisiae S288C","3.22",NA,"TSV","https://github.com/rikenbit/mesh-workflow","27-Sep-2025","Saccharomyces cerevisiae S288C",559292,NA,"NCBI,DBCLS","Koki Tsuyuzaki <k.t.the-answer@hotmail.co.jp>","SQLiteFile","FilePath","AHMeSHDbs/v010/MeSH.Sce.S288C.eg.db.sqlite","MeSHDb:MeSH:NCBI:DBCLS:Gendoo:Gene:NCBI Gene:gene2accession:Annotation:MeSH.Sce.S288C.eg.db:v010"
"MeSHDb for Bombyx mori (Silkworm, v010)","Correspondence table between NCBI Gene ID and MeSH ID for Bombyx mori (Silkworm)","3.22",NA,"TSV","https://github.com/rikenbit/mesh-workflow","27-Sep-2025","Bombyx mori",7091,NA,"NCBI,DBCLS","Koki Tsuyuzaki <k.t.the-answer@hotmail.co.jp>","SQLiteFile","FilePath","AHMeSHDbs/v010/MeSH.Sil.eg.db.sqlite","MeSHDb:MeSH:NCBI:DBCLS:Gendoo:Gene:NCBI Gene:gene2accession:Annotation:MeSH.Sil.eg.db:Bombyx mori:Silkworm:v010"
"MeSHDb for Strongylocentrotus purpuratus (Purple sea urchin, v010)","Correspondence table between NCBI Gene ID and MeSH ID for Strongylocentrotus purpuratus (Purple sea urchin)","3.22",NA,"TSV","https://github.com/rikenbit/mesh-workflow","27-Sep-2025","Strongylocentrotus purpuratus",7668,NA,"NCBI,DBCLS","Koki Tsuyuzaki <k.t.the-answer@hotmail.co.jp>","SQLiteFile","FilePath","AHMeSHDbs/v010/MeSH.Spu.eg.db.sqlite","MeSHDb:MeSH:NCBI:DBCLS:Gendoo:Gene:NCBI Gene:gene2accession:Annotation:MeSH.Spu.eg.db:Strongylocentrotus purpuratus:Purple sea urchin:v010"
"MeSHDb for Sus scrofa (Pig, v010)","Correspondence table between NCBI Gene ID and MeSH ID for Sus scrofa (Pig)","3.22",NA,"TSV","https://github.com/rikenbit/mesh-workflow","27-Sep-2025","Sus scrofa",9823,NA,"NCBI,DBCLS","Koki Tsuyuzaki <k.t.the-answer@hotmail.co.jp>","SQLiteFile","FilePath","AHMeSHDbs/v010/MeSH.Ssc.eg.db.sqlite","MeSHDb:MeSH:NCBI:DBCLS:Gendoo:Gene:NCBI Gene:gene2accession:Annotation:MeSH.Ssc.eg.db:Sus scrofa:Pig:v010"
"MeSHDb for Trypanosoma brucei brucei TREU927 (Trypanosoma, v010)","Correspondence table between NCBI Gene ID and MeSH ID for Trypanosoma brucei brucei TREU927 (Trypanosoma)","3.22",NA,"TSV","https://github.com/rikenbit/mesh-workflow","27-Sep-2025","Trypanosoma brucei brucei TREU927",185431,NA,"NCBI,DBCLS","Koki Tsuyuzaki <k.t.the-answer@hotmail.co.jp>","SQLiteFile","FilePath","AHMeSHDbs/v010/MeSH.Tbb.TREU927.eg.db.sqlite","MeSHDb:MeSH:NCBI:DBCLS:Gendoo:Gene:NCBI Gene:gene2accession:Annotation:MeSH.Tbb.TREU927.eg.db:Trypanosoma brucei brucei TREU927:Trypanosoma:v010"
"MeSHDb for Toxoplasma gondii ME49 (Toxoplasma, v010)","Correspondence table between NCBI Gene ID and MeSH ID for Toxoplasma gondii ME49 (Toxoplasma)","3.22",NA,"TSV","https://github.com/rikenbit/mesh-workflow","27-Sep-2025","Toxoplasma gondii ME49",508771,NA,"NCBI,DBCLS","Koki Tsuyuzaki <k.t.the-answer@hotmail.co.jp>","SQLiteFile","FilePath","AHMeSHDbs/v010/MeSH.Tgo.ME49.eg.db.sqlite","MeSHDb:MeSH:NCBI:DBCLS:Gendoo:Gene:NCBI Gene:gene2accession:Annotation:MeSH.Tgo.ME49.eg.db:Toxoplasma gondii ME49:Toxoplasma:v010"
"MeSHDb for Taeniopygia guttata (Zebra finch, v010)","Correspondence table between NCBI Gene ID and MeSH ID for Taeniopygia guttata (Zebra finch)","3.22",NA,"TSV","https://github.com/rikenbit/mesh-workflow","27-Sep-2025","Taeniopygia guttata",59729,NA,"NCBI,DBCLS","Koki Tsuyuzaki <k.t.the-answer@hotmail.co.jp>","SQLiteFile","FilePath","AHMeSHDbs/v010/MeSH.Tgu.eg.db.sqlite","MeSHDb:MeSH:NCBI:DBCLS:Gendoo:Gene:NCBI Gene:gene2accession:Annotation:MeSH.Tgu.eg.db:Taeniopygia guttata:Zebra finch:v010"
"MeSHDb for Vitis vinifera (Grape, v010)","Correspondence table between NCBI Gene ID and MeSH ID for Vitis vinifera (Grape)","3.22",NA,"TSV","https://github.com/rikenbit/mesh-workflow","27-Sep-2025","Vitis vinifera",29760,NA,"NCBI,DBCLS","Koki Tsuyuzaki <k.t.the-answer@hotmail.co.jp>","SQLiteFile","FilePath","AHMeSHDbs/v010/MeSH.Vvi.eg.db.sqlite","MeSHDb:MeSH:NCBI:DBCLS:Gendoo:Gene:NCBI Gene:gene2accession:Annotation:MeSH.Vvi.eg.db:Vitis vinifera:Grape:v010"
"MeSHDb for Xenopus laevis (African clawed frog, v010)","Correspondence table between NCBI Gene ID and MeSH ID for Xenopus laevis (African clawed frog)","3.22",NA,"TSV","https://github.com/rikenbit/mesh-workflow","27-Sep-2025","Xenopus laevis",8355,NA,"NCBI,DBCLS","Koki Tsuyuzaki <k.t.the-answer@hotmail.co.jp>","SQLiteFile","FilePath","AHMeSHDbs/v010/MeSH.Xla.eg.db.sqlite","MeSHDb:MeSH:NCBI:DBCLS:Gendoo:Gene:NCBI Gene:gene2accession:Annotation:MeSH.Xla.eg.db:Xenopus laevis:African clawed frog:v010"
"MeSHDb for Xenopus tropicalis (Tropical clawed frog, v010)","Correspondence table between NCBI Gene ID and MeSH ID for Xenopus tropicalis (Tropical clawed frog)","3.22",NA,"TSV","https://github.com/rikenbit/mesh-workflow","27-Sep-2025","Xenopus tropicalis",8364,NA,"NCBI,DBCLS","Koki Tsuyuzaki <k.t.the-answer@hotmail.co.jp>","SQLiteFile","FilePath","AHMeSHDbs/v010/MeSH.Xtr.eg.db.sqlite","MeSHDb:MeSH:NCBI:DBCLS:Gendoo:Gene:NCBI Gene:gene2accession:Annotation:MeSH.Xtr.eg.db:Xenopus tropicalis:Tropical clawed frog:v010"
"MeSHDb for Zea mays (Corn, v010)","Correspondence table between NCBI Gene ID and MeSH ID for Zea mays (Corn)","3.22",NA,"TSV","https://github.com/rikenbit/mesh-workflow","27-Sep-2025","Zea mays",4577,NA,"NCBI,DBCLS","Koki Tsuyuzaki <k.t.the-answer@hotmail.co.jp>","SQLiteFile","FilePath","AHMeSHDbs/v010/MeSH.Zma.eg.db.sqlite","MeSHDb:MeSH:NCBI:DBCLS:Gendoo:Gene:NCBI Gene:gene2accession:Annotation:MeSH.Zma.eg.db:Zea mays:Corn:v010"
"MeSHDb for MeSH.db (v010)","Correspondence table for MeSH ID, MeSH Term, MeSH Category, Synonym, Qualifier ID, and Qualifier Term","3.22",NA,"TSV","https://github.com/rikenbit/mesh-workflow","27-Sep-2025",NA,NA,NA,"NCBI,DBCLS","Koki Tsuyuzaki <k.t.the-answer@hotmail.co.jp>","SQLiteFile","FilePath","AHMeSHDbs/v010/MeSH.db.sqlite","MeSHDb:MeSH:NCBI:DBCLS:Gendoo:Gene:NCBI Gene:gene2accession:Annotation:MeSH.db:v010"
"MeSHDb for MeSH.AOR.db (v010)","MeSH Hierarchical structure (Ancestor-Offspring relationship)","3.22",NA,"TSV","https://github.com/rikenbit/mesh-workflow","27-Sep-2025",NA,NA,NA,"NCBI,DBCLS","Koki Tsuyuzaki <k.t.the-answer@hotmail.co.jp>","SQLiteFile","FilePath","AHMeSHDbs/v010/MeSH.AOR.db.sqlite","MeSHDb:MeSH:NCBI:DBCLS:Gendoo:Gene:NCBI Gene:gene2accession:Annotation:MeSH.AOR.db:v010"
"MeSHDb for MeSH.PCR.db (v010)","MeSH Hierarchical structure (Parent-Child relationship)","3.22",NA,"TSV","https://github.com/rikenbit/mesh-workflow","27-Sep-2025",NA,NA,NA,"NCBI,DBCLS","Koki Tsuyuzaki <k.t.the-answer@hotmail.co.jp>","SQLiteFile","FilePath","AHMeSHDbs/v010/MeSH.PCR.db.sqlite","MeSHDb:MeSH:NCBI:DBCLS:Gendoo:Gene:NCBI Gene:gene2accession:Annotation:MeSH.PCR.db:v010"
